payment_id,permit_id,citizen_id,amount_php,payment_method,status,transaction_date,reference_number
PAY-2026-DD1C5D65,PERMIT-2026-6EFA8997,CIT-000504,7892.11,GCash,Completed,2025-11-26T18:32:30,REF3554496475987
PAY-2026-E9B9D70F,PERMIT-2026-21B3A359,CIT-000498,7619.95,GCash,Completed,2025-09-20T03:56:30,REF6220234132611
PAY-2026-B14CC9F4,PERMIT-2026-41BC5C23,CIT-000346,3413.18,Debit Card,Completed,2025-11-22T19:09:17,REF1780068114921
PAY-2026-F1A23ACF,PERMIT-2026-A4959841,CIT-000456,4212.42,Bank Transfer,Completed,2026-01-29T10:52:08,REF6433472282005
PAY-2026-6897D83D,PERMIT-2026-88C97F5A,CIT-000263,7579.11,Bank Transfer,Pending,2026-06-29T02:16:45,REF5778487282997
PAY-2026-128E41F8,PERMIT-2026-E75C1379,CIT-000228,2644.6,Maya,Completed,2026-07-04T00:00:53,REF9688457831745
PAY-2026-D1BDF2DA,PERMIT-2026-FD698699,CIT-000102,8298.9,Credit Card,Completed,2026-01-09T10:25:57,REF6424008254780
PAY-2026-2A3926CA,PERMIT-2026-ECF2ECA0,CIT-000020,4506.6,Credit Card,Pending,2026-05-07T17:30:54,REF7740649308536
PAY-2026-12AEB3EA,PERMIT-2026-41F2FD6F,CIT-000037,396.79,GCash,Completed,2025-09-22T23:26:43,REF8663266341638
PAY-2026-303D3E18,PERMIT-2026-3F9AA4A1,CIT-000456,7388.4,GCash,Pending,2026-03-06T01:06:19,REF9448463122417
PAY-2026-3B64E94C,PERMIT-2026-11E9509E,CIT-000278,1307.02,GCash,Completed,2025-09-30T01:57:37,REF9749735020802
PAY-2026-3A9F8738,PERMIT-2026-A0BA44BF,CIT-000291,2435.12,Maya,Failed,2026-02-17T23:38:32,REF1442703120735
PAY-2026-582E621A,PERMIT-2026-DC01179B,CIT-000299,4755.0,Credit Card,Completed,2026-05-24T15:48:25,REF6475705120461
PAY-2026-4F1D71A0,PERMIT-2026-8D570378,CIT-000039,4430.68,Debit Card,Pending,2025-12-31T10:16:43,REF8723460136730
PAY-2026-F46CEF3F,PERMIT-2026-66B98478,CIT-000120,1802.27,Bank Transfer,Completed,2025-09-14T06:10:40,REF3718376452088
PAY-2026-6015C8C7,PERMIT-2026-0DEDBE61,CIT-000287,5023.46,Over-the-Counter,Completed,2026-06-07T10:47:19,REF1474350313650
PAY-2026-C4124BD8,PERMIT-2026-3D086660,CIT-000479,4223.4,Debit Card,Completed,2025-12-23T14:30:50,REF2491630097925
PAY-2026-CF5DCD34,PERMIT-2026-5DDFD753,CIT-000343,5351.31,Over-the-Counter,Completed,2026-02-07T22:10:23,REF1327195005281
PAY-2026-F44BE69F,PERMIT-2026-6BB12C82,CIT-000325,3096.84,Bank Transfer,Completed,2026-02-03T19:56:22,REF2735857306524
PAY-2026-7A5105A3,PERMIT-2026-5FB58D2F,CIT-000390,7576.9,Over-the-Counter,Completed,2026-02-14T05:27:17,REF0778487392855
PAY-2026-1A69D0B6,PERMIT-2026-9B151299,CIT-000215,5192.42,Bank Transfer,Failed,2025-12-03T02:20:57,REF7498218274485
PAY-2026-8CF0761C,PERMIT-2026-C81A1A50,CIT-000468,400.0,Maya,Completed,2026-01-22T08:24:39,REF7086209593518
PAY-2026-64139934,PERMIT-2026-6A1AE584,CIT-000399,3137.17,GCash,Completed,2025-11-18T06:09:34,REF6387829456511
PAY-2026-8282DDC5,PERMIT-2026-54295CBA,CIT-000425,1361.08,Credit Card,Completed,2026-05-19T06:24:01,REF8102203173109
PAY-2026-1E721A72,PERMIT-2026-243F9958,CIT-000106,241.02,Credit Card,Completed,2025-09-15T05:42:28,REF6789940539103
PAY-2026-9DCE0A27,PERMIT-2026-CB468227,CIT-000378,4839.7,Debit Card,Completed,2025-09-12T08:29:53,REF7170586509480
PAY-2026-72D6DC79,PERMIT-2026-3131938B,CIT-000110,1965.82,Over-the-Counter,Completed,2025-11-17T00:43:33,REF1413811386338
PAY-2026-219E2790,PERMIT-2026-D1A11137,CIT-000056,7603.74,Debit Card,Completed,2025-10-13T13:51:45,REF3928861957612
PAY-2026-D57AA561,PERMIT-2026-6818129D,CIT-000044,6941.84,Maya,Completed,2026-05-03T08:18:06,REF2868528975585
PAY-2026-0084B6E0,PERMIT-2026-A5A3D01F,CIT-000009,540.71,Credit Card,Completed,2026-01-26T10:22:51,REF5665939836845
PAY-2026-2DFFC96D,PERMIT-2026-2841B068,CIT-000450,1579.02,Credit Card,Completed,2025-12-13T10:06:08,REF7760049082404
PAY-2026-136CCB12,PERMIT-2026-19C42F30,CIT-000185,327.59,GCash,Completed,2026-02-18T20:28:34,REF3350488899210
PAY-2026-B32BD5C8,PERMIT-2026-13C5210B,CIT-000270,2524.45,Debit Card,Completed,2026-04-08T04:18:12,REF7522459334419
PAY-2026-2675CE09,PERMIT-2026-79650828,CIT-000237,5533.88,GCash,Completed,2026-04-29T02:39:16,REF6931572791940
PAY-2026-7CC09AA5,PERMIT-2026-2114BEEF,CIT-000186,2663.34,Credit Card,Completed,2026-02-06T15:56:07,REF9610556613906
PAY-2026-731E6C81,PERMIT-2026-171F9F7D,CIT-000391,4796.36,Credit Card,Completed,2026-05-20T19:08:34,REF0480589258320
PAY-2026-E6589B23,PERMIT-2026-C62681B5,CIT-000207,2642.01,Debit Card,Completed,2026-03-05T06:07:28,REF6799813646225
PAY-2026-5A99E8B3,PERMIT-2026-0D701C53,CIT-000052,7979.83,GCash,Completed,2026-01-06T22:45:41,REF1790864168622
PAY-2026-5EF0F4B0,PERMIT-2026-C62681B5,CIT-000207,1308.43,Credit Card,Pending,2026-03-04T05:07:28,REF7837693898331
PAY-2026-918D6133,PERMIT-2026-4D99E28B,CIT-000053,1571.1,Maya,Completed,2026-02-20T09:13:37,REF4659116655355
PAY-2026-ABB0B2BF,PERMIT-2026-1281D6C4,CIT-000128,8412.87,Bank Transfer,Pending,2026-01-07T23:50:52,REF9042597927033
PAY-2026-D66E4E01,PERMIT-2026-B9270197,CIT-000369,1075.21,Credit Card,Completed,2026-03-11T03:33:23,REF5211039240514
PAY-2026-D4A6BD67,PERMIT-2026-BF3DBDF9,CIT-000382,5266.47,Debit Card,Completed,2026-05-25T03:17:08,REF7705383388487
PAY-2026-9C3F9393,PERMIT-2026-DADFAC46,CIT-000018,5021.83,GCash,Completed,2025-12-18T18:13:54,REF9206980420439
PAY-2026-538CA216,PERMIT-2026-C685517E,CIT-000498,7563.12,Debit Card,Completed,2026-03-23T22:01:25,REF4070164510463
PAY-2026-A03FED0E,PERMIT-2026-EE829037,CIT-000226,4555.37,Over-the-Counter,Completed,2025-10-04T12:23:55,REF6815798123878
PAY-2026-0F68C4DB,PERMIT-2026-381537D7,CIT-000080,2837.96,Bank Transfer,Completed,2026-06-05T06:03:13,REF0038457620555
PAY-2026-7C588C2C,PERMIT-2026-C29C9EC5,CIT-000116,6547.79,Bank Transfer,Completed,2026-04-22T15:40:01,REF4384046084325
PAY-2026-6374D4A4,PERMIT-2026-0FE24D36,CIT-000502,5553.57,Maya,Completed,2026-03-02T08:59:39,REF6216893639264
PAY-2026-9E96AF79,PERMIT-2026-D1A11137,CIT-000056,653.23,GCash,Completed,2025-10-13T08:51:45,REF9578232983248
PAY-2026-AB54BEA3,PERMIT-2026-6B1997B3,CIT-000193,1719.11,GCash,Completed,2025-10-06T14:31:45,REF2629251881252
PAY-2026-9F1C8C3A,PERMIT-2026-52D6861B,CIT-000129,6500.07,Credit Card,Completed,2026-05-13T19:12:35,REF0566474231220
PAY-2026-FF1C3799,PERMIT-2026-794ABDB0,CIT-000296,1032.26,Maya,Completed,2026-07-05T21:45:27,REF9949993933051
PAY-2026-244CCA47,PERMIT-2026-8A103F7E,CIT-000405,8291.79,Over-the-Counter,Completed,2026-02-22T19:18:12,REF7289752677223
PAY-2026-CE35971A,PERMIT-2026-171F9F7D,CIT-000391,723.14,Debit Card,Completed,2026-05-21T02:08:34,REF3060463331279
PAY-2026-AEF6D4D4,PERMIT-2026-37439182,CIT-000201,5564.0,Maya,Completed,2026-05-16T01:49:32,REF7573660965699
PAY-2026-5350AAED,PERMIT-2026-EB11BA20,CIT-000059,1070.16,GCash,Pending,2026-04-29T07:56:34,REF9880817703886
PAY-2026-42FD639A,PERMIT-2026-5DF4A0EB,CIT-000105,388.7,Bank Transfer,Completed,2026-06-24T06:49:06,REF0868034764472
PAY-2026-E924A37F,PERMIT-2026-C81A1A50,CIT-000468,1138.02,Over-the-Counter,Completed,2026-01-21T23:24:39,REF6490827718129
PAY-2026-105626BA,PERMIT-2026-AE60BC0F,CIT-000515,1407.68,Over-the-Counter,Completed,2025-12-29T13:31:22,REF8266570279371
PAY-2026-54774C21,PERMIT-2026-1A5C3450,CIT-000476,3835.19,Credit Card,Completed,2025-11-17T06:33:25,REF4521117518689
PAY-2026-9B6E0BDF,PERMIT-2026-0981F249,CIT-000371,7898.97,Maya,Completed,2026-05-13T14:04:31,REF2686025922220
PAY-2026-24E8E637,PERMIT-2026-B9946FBB,CIT-000110,5110.31,Over-the-Counter,Completed,2026-02-09T14:44:54,REF6447421230940
PAY-2026-97351656,PERMIT-2026-166F82C4,CIT-000103,1061.69,GCash,Completed,2026-05-13T19:03:08,REF7778097339776
PAY-2026-F9398CF1,PERMIT-2026-6EFA8997,CIT-000504,1111.82,GCash,Completed,2025-11-26T03:32:30,REF7199038498302
PAY-2026-4429B616,PERMIT-2026-5B510E70,CIT-000276,4593.3,Credit Card,Completed,2026-04-27T13:33:18,REF2050209945101
PAY-2026-B7705E74,PERMIT-2026-342F9B3A,CIT-000221,3430.59,Maya,Completed,2026-03-20T22:08:32,REF6224999827950
PAY-2026-267FDE28,PERMIT-2026-8EE8BA64,CIT-000234,1867.64,Maya,Completed,2025-11-02T12:22:13,REF1455616814721
PAY-2026-B05B7D5A,PERMIT-2026-17EEA308,CIT-000317,5129.22,Bank Transfer,Completed,2026-04-16T09:28:56,REF4586833901981
PAY-2026-5B8242E2,PERMIT-2026-0B31FC0E,CIT-000320,7729.98,Over-the-Counter,Completed,2026-06-03T18:54:28,REF7946954899529
PAY-2026-EFF2BD61,PERMIT-2026-66808244,CIT-000227,2142.47,Credit Card,Completed,2026-06-26T01:46:41,REF9787729343010
PAY-2026-3D4466B8,PERMIT-2026-96758C80,CIT-000474,2923.5,Debit Card,Completed,2026-06-11T22:09:06,REF7139660558303
PAY-2026-5B4C74FB,PERMIT-2026-D42AE3D4,CIT-000323,4112.92,Credit Card,Completed,2026-04-12T00:17:58,REF4414488501556
PAY-2026-D73A2D95,PERMIT-2026-CF1C5B47,CIT-000105,1575.55,GCash,Completed,2026-04-15T05:47:49,REF9902355770272
PAY-2026-CE20B532,PERMIT-2026-B9566EF4,CIT-000289,158.4,Maya,Completed,2026-01-26T22:31:15,REF7857608495880
PAY-2026-730661E5,PERMIT-2026-CB57BE90,CIT-000312,4886.68,Credit Card,Completed,2025-12-28T17:05:13,REF3955124056829
PAY-2026-510EECA4,PERMIT-2026-AAC1D776,CIT-000096,1546.99,Maya,Completed,2025-09-19T22:09:15,REF9629145046173
PAY-2026-93070A01,PERMIT-2026-C7CF8DA8,CIT-000172,6862.5,Credit Card,Completed,2025-11-30T07:29:50,REF5743842150317
PAY-2026-6D8B7248,PERMIT-2026-B7A497F6,CIT-000409,2298.78,Debit Card,Completed,2026-05-02T22:46:03,REF8078235784521
PAY-2026-2618CAD7,PERMIT-2026-5CF4A3DF,CIT-000063,7061.71,Credit Card,Completed,2026-06-05T01:53:08,REF8230768104091
PAY-2026-5E42D456,PERMIT-2026-F230D32B,CIT-000448,7305.58,Over-the-Counter,Completed,2026-05-14T15:28:40,REF5701840943533
PAY-2026-A3991D4F,PERMIT-2026-1FD71D23,CIT-000060,4486.23,Bank Transfer,Completed,2026-05-13T17:10:44,REF4485714224109
PAY-2026-38B5E02D,PERMIT-2026-01570E4C,CIT-000173,5655.71,Maya,Completed,2025-10-01T02:13:03,REF8813858542493
PAY-2026-8DF12F49,PERMIT-2026-9AF415AD,CIT-000020,4972.83,Bank Transfer,Failed,2025-12-31T20:25:34,REF2149587020701
PAY-2026-94B01FAB,PERMIT-2026-07D30921,CIT-000049,6365.45,Maya,Pending,2026-05-13T16:50:43,REF6016629979545
PAY-2026-7AF4B970,PERMIT-2026-BE6F382D,CIT-000308,1051.23,Credit Card,Pending,2026-04-29T10:40:51,REF3817921717477
PAY-2026-B96A9444,PERMIT-2026-5FB58D2F,CIT-000390,1610.85,Bank Transfer,Completed,2026-02-15T04:27:17,REF3329456255770
PAY-2026-D76C01BB,PERMIT-2026-6EF7620B,CIT-000302,5069.38,Credit Card,Completed,2025-11-06T08:54:50,REF1715772459928
PAY-2026-E61DCF56,PERMIT-2026-B6795D61,CIT-000168,4492.65,Credit Card,Completed,2025-11-24T05:28:55,REF1615814876963
PAY-2026-2AC72D4C,PERMIT-2026-EE829037,CIT-000226,6791.03,Over-the-Counter,Failed,2025-10-04T06:23:55,REF9382761539669
PAY-2026-F07E01A1,PERMIT-2026-1C339271,CIT-000501,1070.09,GCash,Completed,2025-09-19T19:19:22,REF5832197199758
PAY-2026-B55E6BC9,PERMIT-2026-3D325DDD,CIT-000274,5835.71,Over-the-Counter,Failed,2026-03-24T09:44:42,REF1724619196570
PAY-2026-69F898FA,PERMIT-2026-603C63E8,CIT-000438,4214.99,GCash,Completed,2026-01-30T23:22:15,REF1329022784699
PAY-2026-C2513EC7,PERMIT-2026-77CA946E,CIT-000310,491.96,Credit Card,Completed,2025-09-12T09:23:45,REF7335494651909
PAY-2026-89E68498,PERMIT-2026-3CECA37E,CIT-000219,4227.86,GCash,Completed,2026-07-02T13:17:24,REF8624058008514
PAY-2026-348C7E59,PERMIT-2026-724CDE6C,CIT-000347,2249.47,Credit Card,Pending,2026-06-30T17:47:01,REF0369656666832
PAY-2026-66EBE76B,PERMIT-2026-397B359A,CIT-000133,8153.68,Over-the-Counter,Completed,2026-02-28T13:58:54,REF7238656242201
PAY-2026-BED07541,PERMIT-2026-38FCC5EB,CIT-000302,2410.09,Bank Transfer,Completed,2025-10-04T17:52:42,REF0276212679692
PAY-2026-699B385D,PERMIT-2026-8ED5DDA0,CIT-000163,1977.46,Debit Card,Failed,2026-03-15T17:13:39,REF7868765326909
PAY-2026-1B94494E,PERMIT-2026-92042938,CIT-000187,5469.32,Debit Card,Completed,2026-02-10T00:47:52,REF7384689500975
PAY-2026-02751101,PERMIT-2026-B2ECF28D,CIT-000015,7833.62,Over-the-Counter,Completed,2026-06-24T05:47:26,REF1971284781891
PAY-2026-FDE9EF16,PERMIT-2026-4D99E28B,CIT-000053,7464.04,Over-the-Counter,Completed,2026-02-21T14:13:37,REF3718949058077
PAY-2026-187BB9C8,PERMIT-2026-6BB12C82,CIT-000325,1283.02,Over-the-Counter,Completed,2026-02-02T23:56:22,REF8795654420949
PAY-2026-BBEB9020,PERMIT-2026-66808244,CIT-000227,2632.74,Bank Transfer,Completed,2026-06-24T10:46:41,REF4079290490471
PAY-2026-BB912DFC,PERMIT-2026-365FFA4B,CIT-000234,6683.09,Debit Card,Completed,2026-02-14T22:04:19,REF2814429444019
PAY-2026-A84844FC,PERMIT-2026-3D5410DE,CIT-000252,5946.01,Over-the-Counter,Failed,2026-06-18T20:53:39,REF2927524372805
PAY-2026-A0AF6E67,PERMIT-2026-BB38F474,CIT-000286,3107.52,Debit Card,Completed,2025-11-11T12:12:54,REF1292766372395
PAY-2026-7C86C079,PERMIT-2026-01570E4C,CIT-000173,381.07,Over-the-Counter,Completed,2025-10-01T17:13:03,REF0410276747836
PAY-2026-4C658A3A,PERMIT-2026-49CEBB4F,CIT-000361,6461.4,Over-the-Counter,Pending,2026-05-02T06:06:13,REF6742860476580
PAY-2026-509A1661,PERMIT-2026-0FE24D36,CIT-000502,4426.93,Maya,Completed,2026-03-02T03:59:39,REF1856945441496
PAY-2026-479E53AC,PERMIT-2026-600C6C6D,CIT-000306,6457.05,Debit Card,Completed,2026-02-07T04:40:17,REF7393852580010
PAY-2026-8A13F1F5,PERMIT-2026-36556106,CIT-000290,6892.47,Over-the-Counter,Completed,2026-01-13T03:01:13,REF6181753443009
PAY-2026-D08247A6,PERMIT-2026-1C90AEA8,CIT-000038,606.68,Bank Transfer,Completed,2025-11-04T07:09:27,REF1093911192692
PAY-2026-4563031F,PERMIT-2026-89D2A9D0,CIT-000497,4871.45,Bank Transfer,Completed,2025-10-11T10:13:13,REF1244717465421
PAY-2026-B5F85B4D,PERMIT-2026-1B7BC3DD,CIT-000342,6332.95,Bank Transfer,Completed,2026-01-22T17:08:40,REF4066504427173
PAY-2026-091F4455,PERMIT-2026-AD6AE85E,CIT-000285,1862.29,Maya,Completed,2026-05-09T03:48:29,REF9627128639174
PAY-2026-0D6C6246,PERMIT-2026-8D570378,CIT-000039,2016.59,Bank Transfer,Completed,2025-12-30T15:16:43,REF1011947072006
PAY-2026-37F9B960,PERMIT-2026-27781DE7,CIT-000293,5395.8,Bank Transfer,Refunded,2025-11-19T05:08:50,REF4256908776618
PAY-2026-F1EDFFB0,PERMIT-2026-36556106,CIT-000290,5357.59,Maya,Completed,2026-01-13T05:01:13,REF3067198554601
PAY-2026-EDDD7715,PERMIT-2026-724CDE6C,CIT-000347,5191.65,GCash,Completed,2026-06-30T23:47:01,REF5851743280634
PAY-2026-7113F703,PERMIT-2026-71F6E20D,CIT-000364,1015.12,GCash,Completed,2025-12-17T03:38:21,REF6157173203093
PAY-2026-7B3DE562,PERMIT-2026-A2CF34CA,CIT-000131,614.7,GCash,Completed,2026-01-13T20:20:34,REF7618478700505
PAY-2026-F34682DE,PERMIT-2026-0D257991,CIT-000147,6999.26,Over-the-Counter,Completed,2026-02-02T16:21:34,REF0613878293102
PAY-2026-57388E79,PERMIT-2026-465CF2DF,CIT-000306,5303.27,Debit Card,Completed,2026-01-25T19:41:22,REF7079032020417
PAY-2026-F45143E2,PERMIT-2026-2CEFC098,CIT-000345,1333.08,Bank Transfer,Completed,2025-10-11T03:32:46,REF9291117993136
PAY-2026-F4EB67B2,PERMIT-2026-DADFAC46,CIT-000018,6342.9,Over-the-Counter,Completed,2025-12-19T18:13:54,REF5651982530925
PAY-2026-ABCBE6A4,PERMIT-2026-6AD6D681,CIT-000510,2566.9,GCash,Failed,2026-04-06T14:39:29,REF1142625827390
PAY-2026-186228C5,PERMIT-2026-375F3697,CIT-000088,5725.29,Debit Card,Completed,2026-04-19T00:05:57,REF2196207100219
PAY-2026-186D7A55,PERMIT-2026-EB11BA20,CIT-000059,3631.09,Debit Card,Completed,2026-04-28T13:56:34,REF4672324876329
PAY-2026-F262BA9C,PERMIT-2026-AADE3168,CIT-000501,1153.06,Debit Card,Completed,2025-09-10T15:36:38,REF0927914560833
PAY-2026-E198F968,PERMIT-2026-7B2355C1,CIT-000501,5536.66,Bank Transfer,Completed,2026-07-01T19:51:40,REF1819588373403
PAY-2026-582EADF4,PERMIT-2026-992E4C6B,CIT-000068,8189.35,Debit Card,Pending,2025-11-17T07:39:30,REF1277220054364
PAY-2026-5A52B1F2,PERMIT-2026-5CF4A3DF,CIT-000063,226.15,Maya,Completed,2026-06-05T18:53:08,REF5970108220781
PAY-2026-A16150DF,PERMIT-2026-0286CA63,CIT-000251,3062.76,Bank Transfer,Completed,2026-06-07T22:16:07,REF1379956353153
PAY-2026-ED91BBAD,PERMIT-2026-2C3B9360,CIT-000512,1607.05,Maya,Completed,2026-01-09T16:18:17,REF1363631797062
PAY-2026-486D0C2B,PERMIT-2026-C7ED3CBE,CIT-000342,6121.77,Maya,Completed,2025-11-25T05:02:47,REF3972652735435
PAY-2026-E991C47D,PERMIT-2026-7B2355C1,CIT-000501,719.55,Bank Transfer,Completed,2026-07-02T18:51:40,REF2090421776253
PAY-2026-F47AD3B7,PERMIT-2026-3478DDC5,CIT-000127,5652.41,Over-the-Counter,Completed,2025-09-18T10:50:31,REF4929298316873
PAY-2026-1CC5B01A,PERMIT-2026-B83549A1,CIT-000482,4537.37,Maya,Completed,2025-11-05T21:27:24,REF9774063356939
PAY-2026-BB5013F0,PERMIT-2026-DC01179B,CIT-000299,5305.92,Debit Card,Completed,2026-05-24T07:48:25,REF2906007806867
PAY-2026-CB11052E,PERMIT-2026-11E9509E,CIT-000278,1479.15,GCash,Completed,2025-10-01T03:57:37,REF1773180632543
PAY-2026-39402A86,PERMIT-2026-8EDBB3C1,CIT-000317,4128.05,Maya,Refunded,2026-04-10T21:50:51,REF1074279907726
PAY-2026-CAF6DA8E,PERMIT-2026-19C42F30,CIT-000185,7663.28,Maya,Completed,2026-02-17T14:28:34,REF2570165804649
PAY-2026-4E25037E,PERMIT-2026-C17F8205,CIT-000170,7851.84,GCash,Completed,2026-02-22T11:54:01,REF8931950850165
PAY-2026-2A156E5E,PERMIT-2026-32597E76,CIT-000414,7220.8,GCash,Completed,2026-06-18T08:27:14,REF7905528183253
PAY-2026-A1AFA6AB,PERMIT-2026-9D151186,CIT-000210,5421.31,GCash,Pending,2025-12-10T23:44:24,REF8179335548640
PAY-2026-2D5ED46D,PERMIT-2026-629A57FA,CIT-000320,5984.36,Debit Card,Completed,2026-04-23T21:18:45,REF1557788178847
PAY-2026-12A5479C,PERMIT-2026-6BB12C82,CIT-000325,2258.33,Debit Card,Completed,2026-02-02T19:56:22,REF9513711624112
PAY-2026-21C36035,PERMIT-2026-41934D0B,CIT-000273,6346.99,Debit Card,Completed,2025-12-29T23:10:12,REF4127238046827
PAY-2026-E8A71C93,PERMIT-2026-936B8BC4,CIT-000268,5010.6,Bank Transfer,Failed,2026-04-07T12:03:34,REF5670431038569
PAY-2026-5A6EF00D,PERMIT-2026-7B90043B,CIT-000267,427.55,Maya,Pending,2025-10-03T00:37:30,REF5579887749242
PAY-2026-3297F32F,PERMIT-2026-07D30921,CIT-000049,4895.26,GCash,Completed,2026-05-14T05:50:43,REF4375402547292
PAY-2026-D92318B0,PERMIT-2026-3D785836,CIT-000145,7100.56,Over-the-Counter,Completed,2026-07-04T17:08:42,REF8422223105927
PAY-2026-5F76AB08,PERMIT-2026-018FE270,CIT-000166,3126.65,Over-the-Counter,Pending,2025-10-06T00:29:03,REF4523805525782
PAY-2026-C72D0F2F,PERMIT-2026-2CB06740,CIT-000310,3719.72,Debit Card,Pending,2025-12-02T17:44:22,REF8410672752088
PAY-2026-A18FC912,PERMIT-2026-DC4FCB93,CIT-000491,6682.93,Credit Card,Completed,2026-03-07T02:15:14,REF5474929751702
PAY-2026-C125A12B,PERMIT-2026-3C889181,CIT-000157,579.85,Over-the-Counter,Completed,2026-04-17T09:04:08,REF8140693751509
PAY-2026-9AFEC078,PERMIT-2026-11D792E0,CIT-000446,7850.98,Credit Card,Completed,2026-03-04T14:02:01,REF3983430187186
PAY-2026-6EE8C1B5,PERMIT-2026-BB38F474,CIT-000286,7434.9,Maya,Failed,2025-11-10T11:12:54,REF3759980562656
PAY-2026-B1625B26,PERMIT-2026-D1A11137,CIT-000056,4954.22,Over-the-Counter,Failed,2025-10-13T11:51:45,REF5045547813767
PAY-2026-0FDC5775,PERMIT-2026-018FE270,CIT-000166,3483.48,GCash,Completed,2025-10-05T21:29:03,REF4266299123478
PAY-2026-20CE0759,PERMIT-2026-6EFA8997,CIT-000504,4082.67,Credit Card,Completed,2025-11-27T02:32:30,REF5196106462879
PAY-2026-8335A968,PERMIT-2026-32520017,CIT-000023,3668.74,Maya,Completed,2025-09-24T22:41:21,REF2326487049478
PAY-2026-4E9F67A4,PERMIT-2026-FEED272A,CIT-000133,1855.35,Bank Transfer,Completed,2026-05-05T12:46:03,REF7300244714627
PAY-2026-CDC2888B,PERMIT-2026-BE2D80F2,CIT-000070,4271.19,Over-the-Counter,Pending,2026-01-06T18:49:05,REF3014719597964
PAY-2026-EC025916,PERMIT-2026-ED73DF21,CIT-000320,8341.82,Debit Card,Completed,2026-05-02T15:37:01,REF7158904290257
PAY-2026-6808D06E,PERMIT-2026-8ED5DDA0,CIT-000163,4147.74,Maya,Completed,2026-03-16T10:13:39,REF2520456504481
PAY-2026-BBE03129,PERMIT-2026-B6795D61,CIT-000168,447.26,Over-the-Counter,Completed,2025-11-22T22:28:55,REF8321928554451
PAY-2026-BDC07381,PERMIT-2026-EBC38BFB,CIT-000487,4137.9,Maya,Completed,2025-11-10T10:07:06,REF8952028457652
PAY-2026-E2962CE0,PERMIT-2026-CCDFBCD5,CIT-000292,6609.67,Maya,Completed,2026-05-03T23:56:21,REF1328338988816
PAY-2026-52483740,PERMIT-2026-BCCE6BFD,CIT-000384,5858.02,GCash,Completed,2026-03-20T06:51:02,REF7112075452798
PAY-2026-BF53507E,PERMIT-2026-DCEFE503,CIT-000488,6543.44,Bank Transfer,Completed,2026-03-04T20:19:09,REF5240132234232
PAY-2026-E6737CAD,PERMIT-2026-A9016F88,CIT-000228,1300.38,Debit Card,Completed,2026-02-04T03:16:45,REF1611076031089
PAY-2026-CC8F9D5B,PERMIT-2026-0B447F1C,CIT-000019,1766.94,Debit Card,Pending,2026-05-03T21:06:41,REF0714014011939
PAY-2026-4C625B86,PERMIT-2026-3437A7AA,CIT-000109,918.12,GCash,Completed,2026-01-12T20:45:57,REF3250124955289
PAY-2026-87456E7B,PERMIT-2026-CB57BE90,CIT-000312,7441.69,Maya,Completed,2025-12-28T16:05:13,REF3891190833428
PAY-2026-2CCCDB0B,PERMIT-2026-A127C092,CIT-000480,1208.08,Maya,Completed,2025-10-16T12:43:36,REF0138759271256
PAY-2026-FC55376B,PERMIT-2026-CA79631D,CIT-000443,5180.17,Maya,Refunded,2025-09-18T21:05:07,REF6383615171827
PAY-2026-6E3B70AB,PERMIT-2026-8FEB9B1F,CIT-000520,3471.79,Bank Transfer,Completed,2025-12-04T08:58:18,REF5480157164794
PAY-2026-D47907C7,PERMIT-2026-A127C092,CIT-000480,2239.16,Over-the-Counter,Completed,2025-10-16T13:43:36,REF7386463175207
PAY-2026-F432FC38,PERMIT-2026-9859DBF6,CIT-000476,3853.57,Credit Card,Failed,2026-03-16T11:27:12,REF1678112669121
PAY-2026-8B42CC5A,PERMIT-2026-4BD131D1,CIT-000158,2189.12,Credit Card,Completed,2026-01-07T11:41:57,REF5353961367499
PAY-2026-F3634AFE,PERMIT-2026-0286CA63,CIT-000251,600.88,Debit Card,Completed,2026-06-07T15:16:07,REF4657967842711
PAY-2026-BB3F1BE4,PERMIT-2026-23AFA83E,CIT-000427,805.02,Maya,Completed,2025-11-06T11:38:08,REF4773201017026
PAY-2026-F1DC3CBE,PERMIT-2026-79B3B675,CIT-000275,2696.24,Over-the-Counter,Completed,2026-05-23T00:31:47,REF9524991187734
PAY-2026-648801B1,PERMIT-2026-CFA7F6FA,CIT-000056,6966.77,Maya,Completed,2026-05-26T19:28:31,REF7784858800616
PAY-2026-120550F3,PERMIT-2026-14DAD49E,CIT-000497,3826.32,Debit Card,Failed,2026-03-07T05:47:58,REF7567700284276
PAY-2026-9EC0CEFA,PERMIT-2026-F9EFC730,CIT-000403,7133.32,Credit Card,Completed,2026-03-01T23:36:51,REF2467197889778
PAY-2026-32D9FDC7,PERMIT-2026-C17F8205,CIT-000170,7056.94,GCash,Completed,2026-02-22T04:54:01,REF2806479695450
PAY-2026-EA966E36,PERMIT-2026-C17F8205,CIT-000170,307.38,Debit Card,Completed,2026-02-22T16:54:01,REF0902559056165
PAY-2026-4E435FDD,PERMIT-2026-3A619D1D,CIT-000044,1867.85,Maya,Completed,2025-12-13T15:27:42,REF5650333491141
PAY-2026-70CC2712,PERMIT-2026-DCEFE503,CIT-000488,2697.99,Over-the-Counter,Completed,2026-03-05T14:19:09,REF5208507698640
PAY-2026-E1D53D92,PERMIT-2026-39374A09,CIT-000240,6449.89,Credit Card,Pending,2025-11-26T18:22:15,REF7905696591713
PAY-2026-9D31B589,PERMIT-2026-0B0F16FF,CIT-000233,1958.14,GCash,Completed,2025-10-27T01:03:50,REF5785294563718
PAY-2026-DEFA2ABC,PERMIT-2026-8F5994BA,CIT-000008,6684.82,Bank Transfer,Completed,2026-06-14T02:37:27,REF3440496391919
PAY-2026-71804159,PERMIT-2026-2D23C67D,CIT-000284,3390.72,Bank Transfer,Failed,2026-07-05T21:07:00,REF5419876351484
PAY-2026-0C277D7D,PERMIT-2026-17EEA308,CIT-000317,4020.25,Over-the-Counter,Completed,2026-04-15T22:28:56,REF6853664987820
PAY-2026-C4FD2420,PERMIT-2026-166F82C4,CIT-000103,1507.28,Debit Card,Completed,2026-05-13T08:03:08,REF8297374896908
PAY-2026-A3925609,PERMIT-2026-3437A7AA,CIT-000109,7729.4,Credit Card,Completed,2026-01-12T14:45:57,REF3572324665136
PAY-2026-B2475132,PERMIT-2026-D74A0BCB,CIT-000248,8490.03,Over-the-Counter,Completed,2026-01-04T21:06:56,REF4424936312303
PAY-2026-E03E2592,PERMIT-2026-CFCFEDEA,CIT-000488,5289.82,Credit Card,Completed,2026-05-22T09:20:03,REF4778660324204
PAY-2026-9168539E,PERMIT-2026-66B98478,CIT-000120,6915.67,Over-the-Counter,Completed,2025-09-15T12:10:40,REF4820700159416
PAY-2026-9C46AF15,PERMIT-2026-37439182,CIT-000201,5667.48,Credit Card,Completed,2026-05-16T01:49:32,REF5162319818984
PAY-2026-2569841F,PERMIT-2026-A2CF34CA,CIT-000131,294.18,GCash,Completed,2026-01-14T00:20:34,REF7139155963632
PAY-2026-B74CA05F,PERMIT-2026-EC983341,CIT-000012,5475.15,Over-the-Counter,Completed,2026-05-30T22:50:18,REF1234764907851
PAY-2026-89222DC7,PERMIT-2026-1F3E38AB,CIT-000295,7989.27,Credit Card,Pending,2026-02-23T00:35:53,REF5867342575409
PAY-2026-ED62463D,PERMIT-2026-CA79631D,CIT-000443,3827.67,Credit Card,Completed,2025-09-18T03:05:07,REF0034864518376
PAY-2026-E53CD743,PERMIT-2026-7683344F,CIT-000240,7406.61,Maya,Completed,2026-01-23T08:32:55,REF0644134327560
PAY-2026-90676442,PERMIT-2026-1D27BDB6,CIT-000227,7424.85,Bank Transfer,Completed,2025-11-21T04:20:30,REF4177656124815
PAY-2026-6979BEA9,PERMIT-2026-32597E76,CIT-000414,471.49,Bank Transfer,Completed,2026-06-19T23:27:14,REF6985700272063
PAY-2026-4B503939,PERMIT-2026-B95A53D7,CIT-000087,2799.74,Over-the-Counter,Completed,2026-04-03T15:42:26,REF4591123829657
PAY-2026-7C322BBA,PERMIT-2026-1B7BC3DD,CIT-000342,8432.96,Credit Card,Completed,2026-01-24T07:08:40,REF7242954316526
PAY-2026-E5683413,PERMIT-2026-29A8FA34,CIT-000469,6147.97,Over-the-Counter,Completed,2026-02-06T10:30:27,REF6930089317342
PAY-2026-13465D87,PERMIT-2026-2D23C67D,CIT-000284,4382.93,GCash,Completed,2026-07-04T14:07:00,REF0696942152910
PAY-2026-AC2BCFCA,PERMIT-2026-19C42F30,CIT-000185,2870.34,Credit Card,Completed,2026-02-17T21:28:34,REF8677133344762
PAY-2026-ED70630A,PERMIT-2026-2114BEEF,CIT-000186,5509.76,Credit Card,Completed,2026-02-04T21:56:07,REF6393436262044
PAY-2026-614D7BB8,PERMIT-2026-FF04D550,CIT-000298,6731.17,Credit Card,Failed,2026-02-28T06:04:16,REF3973597107256
PAY-2026-7B743F4F,PERMIT-2026-9D151186,CIT-000210,8019.7,Credit Card,Completed,2025-12-10T15:44:24,REF3669411800537
PAY-2026-48D1991A,PERMIT-2026-E75C1379,CIT-000228,522.5,Maya,Pending,2026-07-04T12:00:53,REF5990048964652
PAY-2026-750298D0,PERMIT-2026-39374A09,CIT-000240,5235.47,Credit Card,Completed,2025-11-25T10:22:15,REF8092428757215
PAY-2026-75A08BBE,PERMIT-2026-0E8ECB0E,CIT-000219,6102.22,Maya,Completed,2025-10-01T04:12:32,REF8624150274564
PAY-2026-222476A9,PERMIT-2026-32520017,CIT-000023,6214.27,Debit Card,Completed,2025-09-25T19:41:21,REF4948562572870
PAY-2026-20FFF897,PERMIT-2026-DC4FCB93,CIT-000491,8154.52,Maya,Completed,2026-03-06T22:15:14,REF3203207427617
PAY-2026-D389B220,PERMIT-2026-C1A54BEB,CIT-000458,6270.93,Over-the-Counter,Completed,2026-01-10T02:37:18,REF0758777121513
PAY-2026-67A35D72,PERMIT-2026-3478DDC5,CIT-000127,4529.14,Debit Card,Completed,2025-09-18T14:50:31,REF4228499390892
PAY-2026-D5551310,PERMIT-2026-A872AD09,CIT-000401,2597.1,Maya,Completed,2025-12-21T10:09:06,REF6137150416591
PAY-2026-BA29F8C6,PERMIT-2026-41BC5C23,CIT-000346,3956.11,Bank Transfer,Failed,2025-11-22T20:09:17,REF5201777490509
PAY-2026-CA9B1A4C,PERMIT-2026-1716E480,CIT-000409,6268.87,Debit Card,Completed,2025-10-14T10:27:55,REF7592304501896
PAY-2026-736EAEEB,PERMIT-2026-C81A1A50,CIT-000468,4372.12,Credit Card,Completed,2026-01-22T18:24:39,REF1642361032664
PAY-2026-CE4523E6,PERMIT-2026-56840E68,CIT-000405,6715.64,Maya,Completed,2026-05-28T11:47:07,REF2147649251583
PAY-2026-A08B11F0,PERMIT-2026-4E809C2D,CIT-000162,2195.28,Debit Card,Completed,2025-09-16T02:51:18,REF7767499616592
PAY-2026-B26A75F4,PERMIT-2026-1B9DA5EE,CIT-000236,2323.33,Credit Card,Completed,2025-10-13T19:10:09,REF6610857327881
PAY-2026-8938F648,PERMIT-2026-BBF84822,CIT-000368,3561.0,Over-the-Counter,Refunded,2026-03-16T18:42:42,REF4761742243864
PAY-2026-E5CC7A31,PERMIT-2026-E62AA752,CIT-000516,7510.03,Maya,Pending,2025-10-19T12:35:06,REF9081081866179
PAY-2026-4E634325,PERMIT-2026-EE5364BE,CIT-000014,1542.54,Debit Card,Completed,2026-05-31T20:49:57,REF4549180172260
PAY-2026-207EB2BB,PERMIT-2026-A7FCD541,CIT-000014,993.31,GCash,Completed,2025-09-14T05:44:55,REF1645977945232
PAY-2026-998ADEE2,PERMIT-2026-D93111A0,CIT-000074,1543.91,GCash,Completed,2025-12-22T20:51:57,REF1941680061027
PAY-2026-3783B418,PERMIT-2026-EDF67F5A,CIT-000197,3108.97,Debit Card,Completed,2025-12-19T11:30:18,REF7697499564122
PAY-2026-9659FF37,PERMIT-2026-7C9BE9B0,CIT-000158,2599.82,Credit Card,Pending,2025-10-27T08:15:43,REF0310303723683
PAY-2026-52681FF1,PERMIT-2026-8094D1D2,CIT-000361,5233.12,GCash,Refunded,2025-12-08T13:34:49,REF1472760122777
PAY-2026-40D08239,PERMIT-2026-CB57BE90,CIT-000312,6318.55,Credit Card,Failed,2025-12-28T20:05:13,REF0793349605016
PAY-2026-D2A32E9D,PERMIT-2026-CCBC18D6,CIT-000056,3905.44,Debit Card,Completed,2026-06-12T21:00:18,REF6799840767899
PAY-2026-07261C1F,PERMIT-2026-FE7CF293,CIT-000151,1273.96,Maya,Completed,2026-01-12T20:10:20,REF7308069581467
PAY-2026-0253DBAB,PERMIT-2026-4AC5C089,CIT-000415,1421.34,GCash,Completed,2025-10-10T13:45:14,REF1795760243757
PAY-2026-76E7D52D,PERMIT-2026-8DF18B98,CIT-000156,5572.53,Debit Card,Completed,2026-02-03T08:23:40,REF3839597246657
PAY-2026-D12943FF,PERMIT-2026-86F9817D,CIT-000146,6183.15,Credit Card,Failed,2026-06-04T04:14:03,REF2934172232971
PAY-2026-3DC62C02,PERMIT-2026-89D2A9D0,CIT-000497,2632.86,Credit Card,Completed,2025-10-11T06:13:13,REF6743380054522
PAY-2026-952ABE4F,PERMIT-2026-F230D32B,CIT-000448,4991.57,Debit Card,Completed,2026-05-14T06:28:40,REF8015619318374
PAY-2026-511495FC,PERMIT-2026-C17F8205,CIT-000170,6473.46,Maya,Completed,2026-02-22T05:54:01,REF5508428910771
PAY-2026-F8C39472,PERMIT-2026-8E06F51C,CIT-000306,4484.78,Over-the-Counter,Pending,2025-10-04T10:47:39,REF1991808121352
PAY-2026-3557BDEA,PERMIT-2026-CA79631D,CIT-000443,3050.34,Maya,Completed,2025-09-18T05:05:07,REF4787125521376
PAY-2026-3EE8C3A7,PERMIT-2026-D74A0BCB,CIT-000248,3814.95,Maya,Completed,2026-01-05T23:06:56,REF0375482145653
PAY-2026-907CB42F,PERMIT-2026-B9270197,CIT-000369,6441.46,Maya,Completed,2026-03-12T15:33:23,REF2863266678507
PAY-2026-D0B7401C,PERMIT-2026-B85D98BC,CIT-000013,1877.14,Over-the-Counter,Completed,2026-06-05T01:53:16,REF2081155626060
PAY-2026-900ED81A,PERMIT-2026-BDF6EB32,CIT-000483,7686.22,Over-the-Counter,Completed,2025-09-19T01:11:52,REF2908466845504
PAY-2026-C9216BE0,PERMIT-2026-A872AD09,CIT-000401,4227.86,GCash,Completed,2025-12-19T22:09:06,REF8926738997563
PAY-2026-C2EF423F,PERMIT-2026-E9ACD6D7,CIT-000297,3711.3,Debit Card,Completed,2025-09-25T18:37:36,REF4108562884318
PAY-2026-E63F5F84,PERMIT-2026-EE5364BE,CIT-000014,7815.26,Bank Transfer,Completed,2026-06-01T14:49:57,REF8485200894346
PAY-2026-2E557A0E,PERMIT-2026-3195A726,CIT-000044,7572.15,Debit Card,Completed,2026-02-14T06:46:37,REF8105485101749
PAY-2026-3BBBE7FC,PERMIT-2026-4D2224D8,CIT-000140,6259.14,GCash,Failed,2025-10-22T11:47:00,REF0753998935449
PAY-2026-F31B62F1,PERMIT-2026-DC4FCB93,CIT-000491,6774.22,Bank Transfer,Completed,2026-03-08T17:15:14,REF2683158935712
PAY-2026-3CF6496F,PERMIT-2026-4CB68C62,CIT-000353,2950.07,Debit Card,Completed,2025-11-06T10:06:36,REF6611062737158
PAY-2026-86CA8BF7,PERMIT-2026-2C3B9360,CIT-000512,6638.33,Bank Transfer,Completed,2026-01-11T07:18:17,REF6988649767762
PAY-2026-5DA1B190,PERMIT-2026-A70BAF2C,CIT-000193,988.66,Bank Transfer,Completed,2025-10-21T05:21:06,REF2827728813770
PAY-2026-E5289255,PERMIT-2026-AB0DF6C6,CIT-000011,7175.95,Bank Transfer,Completed,2026-03-04T05:16:08,REF2851961159408
PAY-2026-D9401785,PERMIT-2026-ED73DF21,CIT-000320,5387.83,Maya,Completed,2026-05-03T09:37:01,REF2154544702296
PAY-2026-0147782F,PERMIT-2026-B1F63CFD,CIT-000452,5772.45,Credit Card,Completed,2026-02-20T08:59:38,REF0443270185106
PAY-2026-F7AB2BB3,PERMIT-2026-A25150AB,CIT-000162,6275.23,Credit Card,Completed,2025-09-20T19:31:17,REF7949756792287
PAY-2026-F7AAE31C,PERMIT-2026-A71CFC91,CIT-000178,7307.26,Bank Transfer,Completed,2026-03-13T10:17:32,REF7725199663658
PAY-2026-13E4D1CE,PERMIT-2026-8F5994BA,CIT-000008,4247.27,Over-the-Counter,Completed,2026-06-13T03:37:27,REF0741209481813
PAY-2026-B5D01B4D,PERMIT-2026-A0CB6431,CIT-000481,3641.63,Credit Card,Completed,2025-10-24T21:36:19,REF9890983780182
PAY-2026-DEB7D5EA,PERMIT-2026-14DAD49E,CIT-000497,3061.68,Over-the-Counter,Completed,2026-03-07T01:47:58,REF0433971895690
PAY-2026-B61AECA2,PERMIT-2026-F8EA477B,CIT-000357,7169.78,Credit Card,Completed,2026-01-24T04:56:32,REF7056260856411
PAY-2026-87E6F752,PERMIT-2026-381537D7,CIT-000080,3424.95,Credit Card,Completed,2026-06-06T05:03:13,REF1824224124620
PAY-2026-CEFDC3DE,PERMIT-2026-9F4CF38E,CIT-000118,1978.07,Credit Card,Completed,2025-12-22T11:06:42,REF9520046152654
PAY-2026-207C6E76,PERMIT-2026-E65FEC8A,CIT-000157,2215.76,Debit Card,Completed,2026-06-19T16:15:33,REF6103399378861
PAY-2026-0336B66A,PERMIT-2026-1B0CF697,CIT-000225,5666.12,Credit Card,Completed,2026-06-20T03:42:21,REF4057861706304
PAY-2026-8C8BF1C6,PERMIT-2026-25398C33,CIT-000005,7165.01,Debit Card,Completed,2026-04-14T11:24:27,REF8913824967183
PAY-2026-6DE426AE,PERMIT-2026-14DAD49E,CIT-000497,2579.27,Over-the-Counter,Completed,2026-03-05T10:47:58,REF2582386870079
PAY-2026-034DEC1C,PERMIT-2026-CCBC18D6,CIT-000056,4844.85,Credit Card,Completed,2026-06-11T08:00:18,REF4200749465398
PAY-2026-B2D08F8F,PERMIT-2026-AB0DF6C6,CIT-000011,3418.01,Debit Card,Completed,2026-03-04T19:16:08,REF4028914161284
PAY-2026-32CF1238,PERMIT-2026-C8B5FE32,CIT-000133,2390.45,Bank Transfer,Completed,2025-11-15T01:21:36,REF6398554743553
PAY-2026-07D4C4B3,PERMIT-2026-CB57BE90,CIT-000312,3887.76,Maya,Completed,2025-12-29T11:05:13,REF7950209700268
PAY-2026-822B5341,PERMIT-2026-96758C80,CIT-000474,1871.78,Bank Transfer,Completed,2026-06-12T21:09:06,REF7681180715695
PAY-2026-0017C844,PERMIT-2026-BF3DBDF9,CIT-000382,5201.43,GCash,Failed,2026-05-23T15:17:08,REF6201753703045
PAY-2026-CEA3C35E,PERMIT-2026-F9EFC730,CIT-000403,903.61,Bank Transfer,Completed,2026-03-01T16:36:51,REF3194337504793
PAY-2026-53B23B94,PERMIT-2026-29A8FA34,CIT-000469,679.93,GCash,Completed,2026-02-06T11:30:27,REF0361498728399
PAY-2026-94F13075,PERMIT-2026-41BC5C23,CIT-000346,1806.97,Maya,Completed,2025-11-23T16:09:17,REF9219212493843
PAY-2026-E8D0AFDB,PERMIT-2026-7E4F26DF,CIT-000517,2064.94,Maya,Pending,2025-09-22T20:03:42,REF0894870605664
PAY-2026-C5747D79,PERMIT-2026-6EF7620B,CIT-000302,1950.39,Bank Transfer,Completed,2025-11-06T09:54:50,REF1877580304687
PAY-2026-8DAC6F85,PERMIT-2026-D42AE3D4,CIT-000323,7209.77,Over-the-Counter,Completed,2026-04-10T08:17:58,REF5063519036133
PAY-2026-03FB78AE,PERMIT-2026-2F8FC89F,CIT-000335,503.08,Credit Card,Completed,2026-02-05T20:33:14,REF2541107609543
PAY-2026-5D360498,PERMIT-2026-56840E68,CIT-000405,6599.64,Maya,Completed,2026-05-28T23:47:07,REF1735058319971
PAY-2026-29FC3112,PERMIT-2026-3CECA37E,CIT-000219,5621.55,Maya,Completed,2026-07-03T10:17:24,REF7911006512070
PAY-2026-BF0F85F9,PERMIT-2026-1FD71D23,CIT-000060,789.0,Over-the-Counter,Completed,2026-05-12T03:10:44,REF4961108046619
PAY-2026-B7929189,PERMIT-2026-2114BEEF,CIT-000186,273.09,Over-the-Counter,Completed,2026-02-04T18:56:07,REF6399076769915
PAY-2026-7203F3C5,PERMIT-2026-DECC0ECB,CIT-000238,6294.54,Debit Card,Completed,2026-03-29T16:23:02,REF0785931109193
PAY-2026-A0B82831,PERMIT-2026-1B60F40C,CIT-000006,3700.03,Bank Transfer,Completed,2026-02-08T15:33:34,REF9284567972320
PAY-2026-A26F32A1,PERMIT-2026-D74A0BCB,CIT-000248,1842.27,Credit Card,Failed,2026-01-05T21:06:56,REF0249685498227
PAY-2026-0A010E7D,PERMIT-2026-EF3914FB,CIT-000168,2581.84,GCash,Completed,2026-01-07T00:12:20,REF4954508920388
PAY-2026-8C167508,PERMIT-2026-F3D8D074,CIT-000402,2475.96,Credit Card,Pending,2026-01-19T03:03:37,REF0653331537795
PAY-2026-45DB14DB,PERMIT-2026-6053AAEA,CIT-000498,3343.11,Debit Card,Completed,2025-11-30T20:04:24,REF9959465217073
PAY-2026-FB1DF5A8,PERMIT-2026-CFA7F6FA,CIT-000056,6116.73,Debit Card,Completed,2026-05-26T07:28:31,REF0337933756362
PAY-2026-DA2CD531,PERMIT-2026-BB08DCC8,CIT-000196,6589.57,Debit Card,Completed,2026-01-12T05:40:05,REF0501508124739
PAY-2026-4AAD85B1,PERMIT-2026-2D23C67D,CIT-000284,2743.59,Maya,Completed,2026-07-06T03:07:00,REF5003342342583
PAY-2026-E9EE518B,PERMIT-2026-B83D3B57,CIT-000389,4833.39,Maya,Pending,2026-01-14T00:50:09,REF2302410261534
PAY-2026-6F4D411F,PERMIT-2026-381537D7,CIT-000080,2237.24,Maya,Completed,2026-06-06T02:03:13,REF7355289611223
PAY-2026-51C93FBC,PERMIT-2026-FF464BC6,CIT-000438,6187.32,Over-the-Counter,Completed,2026-02-06T16:12:01,REF3865596309938
PAY-2026-7CF76DAD,PERMIT-2026-FEED272A,CIT-000133,2254.4,Credit Card,Completed,2026-05-06T11:46:03,REF4253042897317
PAY-2026-C6434451,PERMIT-2026-6756B6B2,CIT-000431,2834.05,Over-the-Counter,Completed,2026-02-28T02:14:43,REF9128685787255
PAY-2026-197251F7,PERMIT-2026-ECF2ECA0,CIT-000020,5914.82,Over-the-Counter,Completed,2026-05-08T00:30:54,REF8777496903337
PAY-2026-4EB6F2E3,PERMIT-2026-8EDBB3C1,CIT-000317,8161.62,Maya,Completed,2026-04-09T22:50:51,REF3634669254812
PAY-2026-93D06E86,PERMIT-2026-0613667B,CIT-000432,4782.64,Bank Transfer,Refunded,2025-12-13T03:24:34,REF1478539078956
PAY-2026-C6F47638,PERMIT-2026-6E963E31,CIT-000178,3704.61,GCash,Completed,2026-05-24T05:09:49,REF7766575460273
PAY-2026-1231D961,PERMIT-2026-D42AE3D4,CIT-000323,4491.49,GCash,Completed,2026-04-10T16:17:58,REF4151488814311
PAY-2026-2E62988E,PERMIT-2026-95AFB15B,CIT-000313,476.17,Debit Card,Completed,2026-05-16T15:07:07,REF1508353544439
PAY-2026-2C66597F,PERMIT-2026-AAC1D776,CIT-000096,1317.88,Over-the-Counter,Completed,2025-09-19T21:09:15,REF2840445669078
PAY-2026-42C80A80,PERMIT-2026-0A5A4A96,CIT-000214,1131.82,Credit Card,Completed,2026-05-22T01:11:49,REF2633373898775
PAY-2026-68F0B2A2,PERMIT-2026-B7BA532D,CIT-000151,2841.92,Credit Card,Completed,2026-06-08T23:23:35,REF1536637780529
PAY-2026-DDD0E4D5,PERMIT-2026-2E89D7DF,CIT-000344,2573.14,Bank Transfer,Completed,2025-10-04T16:24:49,REF2407553666845
PAY-2026-5FE5204A,PERMIT-2026-54295CBA,CIT-000425,5197.72,Debit Card,Completed,2026-05-19T16:24:01,REF9090225999966
PAY-2026-4D368383,PERMIT-2026-CEADE1D3,CIT-000197,6163.09,Maya,Completed,2026-04-05T09:56:22,REF3618637159741
PAY-2026-820E1F35,PERMIT-2026-B9566EF4,CIT-000289,2802.7,Maya,Completed,2026-01-25T09:31:15,REF2182097023164
PAY-2026-8C2A38E0,PERMIT-2026-2CB06740,CIT-000310,2753.87,Maya,Completed,2025-12-01T13:44:22,REF3348170580256
PAY-2026-86EBF504,PERMIT-2026-5724A08C,CIT-000320,3979.26,GCash,Completed,2026-05-06T03:06:31,REF6212867163234
PAY-2026-9C35504F,PERMIT-2026-6B1997B3,CIT-000193,1456.38,Credit Card,Completed,2025-10-07T04:31:45,REF6729949387430
PAY-2026-E3D7C161,PERMIT-2026-BB1E243B,CIT-000194,5400.66,Maya,Completed,2026-02-19T00:17:50,REF2716938597779
PAY-2026-F4C1375C,PERMIT-2026-B9AE0BFA,CIT-000417,6239.85,Credit Card,Completed,2025-10-05T18:57:20,REF0147546926329
PAY-2026-2FC50761,PERMIT-2026-B9946FBB,CIT-000110,4835.29,Bank Transfer,Completed,2026-02-09T19:44:54,REF6762916032484
PAY-2026-2D3129C7,PERMIT-2026-ACA8F8B5,CIT-000373,1422.72,Bank Transfer,Completed,2026-02-09T10:35:30,REF1376815118567
PAY-2026-8EEEF7A6,PERMIT-2026-A0CB6431,CIT-000481,4856.56,Maya,Completed,2025-10-25T11:36:19,REF2438070176563
PAY-2026-8BC68F9A,PERMIT-2026-C8E73288,CIT-000166,4956.73,Over-the-Counter,Completed,2025-09-14T07:09:46,REF6004125777118
PAY-2026-1F6460D1,PERMIT-2026-FF464BC6,CIT-000438,1553.63,Maya,Refunded,2026-02-05T20:12:01,REF3727422091241
PAY-2026-A4A48D71,PERMIT-2026-E47F965A,CIT-000008,1373.21,Maya,Completed,2026-04-22T16:56:50,REF8621042752308
PAY-2026-EBCA4BC5,PERMIT-2026-724CDE6C,CIT-000347,799.53,GCash,Completed,2026-07-01T10:47:01,REF3708164709006
PAY-2026-52384D8F,PERMIT-2026-B95A53D7,CIT-000087,5701.43,Credit Card,Completed,2026-04-03T05:42:26,REF3353310600531
PAY-2026-A5AA08B0,PERMIT-2026-BBF84822,CIT-000368,4827.21,Debit Card,Completed,2026-03-17T04:42:42,REF3122068155839
PAY-2026-D0D25950,PERMIT-2026-B9566EF4,CIT-000289,2753.21,Over-the-Counter,Completed,2026-01-26T07:31:15,REF3866133155206
PAY-2026-115CBE21,PERMIT-2026-DC4FCB93,CIT-000491,7182.3,Maya,Failed,2026-03-08T08:15:14,REF5063731495013
PAY-2026-7E1AA3C0,PERMIT-2026-FA4B1C40,CIT-000064,1343.08,Debit Card,Completed,2026-02-22T12:24:04,REF6497189241956
PAY-2026-90838CB1,PERMIT-2026-381537D7,CIT-000080,6737.86,Bank Transfer,Completed,2026-06-06T09:03:13,REF2525715099768
PAY-2026-4446CF63,PERMIT-2026-6818129D,CIT-000044,3057.31,GCash,Pending,2026-05-04T05:18:06,REF3890309143639
PAY-2026-0A31815D,PERMIT-2026-994DAE2A,CIT-000238,3039.03,Debit Card,Completed,2026-06-20T19:30:35,REF1025743263039
PAY-2026-C58ADF33,PERMIT-2026-F4EDA1EE,CIT-000157,3274.62,Bank Transfer,Refunded,2026-01-05T05:01:43,REF7524508640355
PAY-2026-DD72B14E,PERMIT-2026-49E5B4E1,CIT-000376,3164.28,Maya,Completed,2026-01-23T06:56:14,REF3380339685270
PAY-2026-8AE69CC9,PERMIT-2026-F232B5CC,CIT-000331,935.81,Credit Card,Pending,2026-02-24T11:48:40,REF1713023212983
PAY-2026-088518DF,PERMIT-2026-397B359A,CIT-000133,5216.57,GCash,Completed,2026-02-26T19:58:54,REF3816742336293
PAY-2026-ACFC4896,PERMIT-2026-6A470F16,CIT-000424,516.71,Bank Transfer,Completed,2026-05-01T08:49:20,REF4497347156627
PAY-2026-581910BF,PERMIT-2026-D74A0BCB,CIT-000248,627.85,Over-the-Counter,Completed,2026-01-06T08:06:56,REF7689627066149
PAY-2026-B849E63A,PERMIT-2026-EF3914FB,CIT-000168,5429.2,Debit Card,Completed,2026-01-07T14:12:20,REF8282467474689
PAY-2026-A1400FD3,PERMIT-2026-6FBD6D6B,CIT-000401,3235.61,Over-the-Counter,Pending,2026-03-06T19:00:48,REF7152732300857
PAY-2026-82990496,PERMIT-2026-3F9AA4A1,CIT-000456,6297.24,Maya,Completed,2026-03-07T09:06:19,REF6665674916016
PAY-2026-B428C220,PERMIT-2026-3195A726,CIT-000044,3852.21,Bank Transfer,Completed,2026-02-13T05:46:37,REF9236458750663
PAY-2026-59AC9999,PERMIT-2026-89D2A9D0,CIT-000497,2466.94,Maya,Completed,2025-10-12T02:13:13,REF3705024972439
PAY-2026-8BC4FD1F,PERMIT-2026-9941201C,CIT-000308,7141.23,Credit Card,Pending,2025-10-15T04:47:16,REF9201166918362
PAY-2026-C24C492F,PERMIT-2026-C4F80F05,CIT-000069,6179.83,Credit Card,Completed,2026-04-30T18:14:30,REF6448869461195
PAY-2026-9AE7FD1B,PERMIT-2026-B9946FBB,CIT-000110,7144.93,Bank Transfer,Completed,2026-02-10T05:44:54,REF2436402701168
PAY-2026-EFD8D42B,PERMIT-2026-41F2FD6F,CIT-000037,1381.74,Credit Card,Completed,2025-09-22T17:26:43,REF6462252237281
PAY-2026-D4075A9B,PERMIT-2026-A2CF34CA,CIT-000131,2450.64,Maya,Completed,2026-01-12T21:20:34,REF7932302346791
PAY-2026-816C21C7,PERMIT-2026-9B151299,CIT-000215,5454.75,GCash,Completed,2025-12-02T19:20:57,REF2141614150937
PAY-2026-6958C2B8,PERMIT-2026-B7A497F6,CIT-000409,3001.13,Over-the-Counter,Completed,2026-05-01T19:46:03,REF7100409013806
PAY-2026-06D913A1,PERMIT-2026-38FCC5EB,CIT-000302,7917.78,GCash,Completed,2025-10-04T08:52:42,REF9847759655553
PAY-2026-99252A75,PERMIT-2026-03543B14,CIT-000436,6241.75,Maya,Completed,2026-05-09T03:16:00,REF5669055107620
PAY-2026-D628B467,PERMIT-2026-76FBC755,CIT-000392,6735.95,Maya,Completed,2025-09-30T01:40:44,REF9184357978630
PAY-2026-25298316,PERMIT-2026-03C8DB9E,CIT-000010,7474.61,Maya,Completed,2026-03-26T23:46:19,REF5050573976915
PAY-2026-B4248BB9,PERMIT-2026-F4EDA1EE,CIT-000157,6461.2,Maya,Completed,2026-01-06T04:01:43,REF6716493289802
PAY-2026-6624BB11,PERMIT-2026-BCCE6BFD,CIT-000384,2547.09,Credit Card,Completed,2026-03-20T08:51:02,REF7148727178333
PAY-2026-DAB4D81A,PERMIT-2026-6B940355,CIT-000063,2036.77,Maya,Completed,2025-09-22T15:57:20,REF2116025643471
PAY-2026-1956EA98,PERMIT-2026-6BB12C82,CIT-000325,8326.97,Credit Card,Completed,2026-02-02T18:56:22,REF2871539915668
PAY-2026-6FB0EA69,PERMIT-2026-CF1C5B47,CIT-000105,4240.55,Over-the-Counter,Completed,2026-04-15T06:47:49,REF6334141115931
PAY-2026-76DFF291,PERMIT-2026-8FBFD7BF,CIT-000053,7076.33,Bank Transfer,Completed,2026-04-22T05:09:21,REF9525690409836
PAY-2026-31BE9546,PERMIT-2026-24D83EFB,CIT-000317,3370.43,Over-the-Counter,Completed,2026-06-04T13:45:15,REF6552899316087
PAY-2026-8518126E,PERMIT-2026-8F5994BA,CIT-000008,5544.17,Bank Transfer,Completed,2026-06-13T21:37:27,REF5243772942095
PAY-2026-272D2FEC,PERMIT-2026-303C1296,CIT-000263,5992.11,Over-the-Counter,Completed,2026-06-03T06:07:18,REF4814973746052
PAY-2026-B68F6E3F,PERMIT-2026-8B465C13,CIT-000072,4435.83,Maya,Completed,2025-10-11T18:21:36,REF3302764208656
PAY-2026-128A77A4,PERMIT-2026-A3844E94,CIT-000181,412.59,GCash,Completed,2025-11-21T15:28:19,REF7566184438612
PAY-2026-146B97AA,PERMIT-2026-42C5151E,CIT-000377,1317.46,Over-the-Counter,Completed,2025-11-18T12:20:30,REF5904729277423
PAY-2026-B379FE08,PERMIT-2026-BE6F382D,CIT-000308,5063.06,GCash,Completed,2026-04-29T12:40:51,REF3305912662015
PAY-2026-AEFD80C0,PERMIT-2026-AA4442D4,CIT-000011,3146.68,GCash,Completed,2026-05-29T14:08:16,REF7201859626301
PAY-2026-1935D2EA,PERMIT-2026-DC71E117,CIT-000155,2961.21,GCash,Completed,2025-11-17T15:52:55,REF3674926176475
PAY-2026-240CA5FC,PERMIT-2026-BB38F474,CIT-000286,1508.93,Over-the-Counter,Completed,2025-11-11T02:12:54,REF0111178309997
PAY-2026-62A7FF15,PERMIT-2026-2CEFC098,CIT-000345,6907.0,Debit Card,Completed,2025-10-11T20:32:46,REF4192676492151
PAY-2026-2075D103,PERMIT-2026-6818129D,CIT-000044,3484.43,Maya,Completed,2026-05-04T10:18:06,REF8260688871898
PAY-2026-071F2808,PERMIT-2026-A4D5316B,CIT-000504,2971.28,Bank Transfer,Completed,2025-10-07T09:28:36,REF1312920875102
PAY-2026-214C43B6,PERMIT-2026-7F1AE378,CIT-000481,6522.49,Over-the-Counter,Completed,2026-06-12T17:40:09,REF9321840118458
PAY-2026-46153B90,PERMIT-2026-B9AE0BFA,CIT-000417,8115.75,Debit Card,Completed,2025-10-04T22:57:20,REF2603408487297
PAY-2026-FAF96B85,PERMIT-2026-28464267,CIT-000090,1539.31,Credit Card,Pending,2025-12-02T17:35:40,REF5859883103032
PAY-2026-DFE3001B,PERMIT-2026-55684916,CIT-000237,8094.97,Over-the-Counter,Completed,2025-10-17T19:18:12,REF4329839542961
PAY-2026-FE5AFD07,PERMIT-2026-223259A8,CIT-000486,2931.78,GCash,Failed,2026-03-22T14:20:39,REF8446267146283
PAY-2026-3CA0D052,PERMIT-2026-EB298A80,CIT-000024,6842.44,Debit Card,Completed,2026-06-05T03:15:57,REF1435989262566
PAY-2026-82D3F4F9,PERMIT-2026-03C8DB9E,CIT-000010,5649.38,Maya,Pending,2026-03-26T18:46:19,REF0931418186151
PAY-2026-0C1D8A2B,PERMIT-2026-2D27453B,CIT-000326,821.13,Maya,Pending,2026-06-01T07:48:43,REF5542340163611
PAY-2026-A02B3751,PERMIT-2026-6519EB5F,CIT-000121,6196.52,Maya,Completed,2025-12-30T11:46:09,REF2849718594849
PAY-2026-E540F903,PERMIT-2026-9D151186,CIT-000210,4135.82,Credit Card,Completed,2025-12-09T09:44:24,REF1025625889679
PAY-2026-CD3434A5,PERMIT-2026-F1B746EE,CIT-000369,1924.31,Debit Card,Completed,2025-09-28T05:37:50,REF2408222694053
PAY-2026-11ED5000,PERMIT-2026-142D1EFE,CIT-000333,2176.9,GCash,Completed,2025-10-12T20:04:49,REF9672757844683
PAY-2026-3790E281,PERMIT-2026-AB0DF6C6,CIT-000011,3489.03,Credit Card,Pending,2026-03-04T01:16:08,REF4146511131290
PAY-2026-3F0B442E,PERMIT-2026-DE93325C,CIT-000276,3438.65,GCash,Completed,2026-05-14T02:16:28,REF1487068277881
PAY-2026-1503C54E,PERMIT-2026-3DED34C0,CIT-000056,7544.66,Maya,Completed,2025-12-12T14:32:39,REF6093068538909
PAY-2026-4F8AE664,PERMIT-2026-1281D6C4,CIT-000128,2987.76,GCash,Completed,2026-01-07T12:50:52,REF7283215285067
PAY-2026-5B5C912F,PERMIT-2026-2F8FC89F,CIT-000335,5540.57,Maya,Completed,2026-02-04T17:33:14,REF6251538144744
PAY-2026-1D900988,PERMIT-2026-3A619D1D,CIT-000044,2671.18,GCash,Completed,2025-12-13T14:27:42,REF3096348079705
PAY-2026-2F83D265,PERMIT-2026-F8EA477B,CIT-000357,1408.74,Credit Card,Completed,2026-01-24T12:56:32,REF0975451052650
PAY-2026-D6A75DF7,PERMIT-2026-4576222A,CIT-000225,2329.51,Debit Card,Completed,2026-06-08T18:28:28,REF1673188261702
PAY-2026-200D7B8F,PERMIT-2026-2F8FC89F,CIT-000335,4469.86,GCash,Completed,2026-02-06T08:33:14,REF4376545628417
PAY-2026-024F32DA,PERMIT-2026-5046E8FB,CIT-000100,5878.65,GCash,Completed,2026-03-01T10:53:09,REF7225605313402
PAY-2026-4843D69C,PERMIT-2026-342F9B3A,CIT-000221,1493.38,Maya,Completed,2026-03-19T21:08:32,REF6650237416787
PAY-2026-78ED07EE,PERMIT-2026-C17F8205,CIT-000170,3946.68,Debit Card,Completed,2026-02-23T04:54:01,REF2568621102258
PAY-2026-E7E4873B,PERMIT-2026-57B8076E,CIT-000002,6590.85,Credit Card,Completed,2026-01-08T11:01:33,REF0305690674471
PAY-2026-D8AA3455,PERMIT-2026-40BED809,CIT-000368,6889.49,Debit Card,Completed,2026-01-17T17:03:12,REF6392823414363
PAY-2026-CFCE57C8,PERMIT-2026-FF464BC6,CIT-000438,2947.78,Over-the-Counter,Failed,2026-02-07T04:12:01,REF7189239231260
PAY-2026-C0AE5045,PERMIT-2026-638E5F3B,CIT-000442,8339.13,Over-the-Counter,Completed,2025-12-02T21:40:46,REF4326093106684
PAY-2026-86448124,PERMIT-2026-B4910C9F,CIT-000110,208.09,Bank Transfer,Completed,2026-01-13T13:29:45,REF3356708604145
PAY-2026-DFDCE0DC,PERMIT-2026-538E0065,CIT-000068,6937.17,Bank Transfer,Pending,2026-01-06T09:09:36,REF4563502000534
PAY-2026-6CCDAD9C,PERMIT-2026-6818129D,CIT-000044,4030.77,GCash,Completed,2026-05-02T15:18:06,REF7491624755411
PAY-2026-302EB03A,PERMIT-2026-381537D7,CIT-000080,3215.32,Over-the-Counter,Completed,2026-06-05T18:03:13,REF0825559895343
PAY-2026-4C0C0F64,PERMIT-2026-5F4EB670,CIT-000193,2967.81,Credit Card,Completed,2025-09-20T04:06:24,REF9611291093371
PAY-2026-862F9A29,PERMIT-2026-D93111A0,CIT-000074,2381.42,Credit Card,Completed,2025-12-22T10:51:57,REF1895473820236
PAY-2026-F34C0030,PERMIT-2026-9941201C,CIT-000308,2860.68,Bank Transfer,Completed,2025-10-15T11:47:16,REF8485571617688
PAY-2026-AD9E094A,PERMIT-2026-638E5F3B,CIT-000442,6261.4,Over-the-Counter,Completed,2025-12-03T08:40:46,REF0294240903678
PAY-2026-A4FD2883,PERMIT-2026-92042938,CIT-000187,851.79,GCash,Completed,2026-02-08T16:47:52,REF8127868669432
PAY-2026-2519565F,PERMIT-2026-51403A92,CIT-000114,4270.31,Credit Card,Completed,2026-02-06T00:34:09,REF0293908788443
PAY-2026-30E8D109,PERMIT-2026-5CF4A3DF,CIT-000063,5303.96,Bank Transfer,Completed,2026-06-06T21:53:08,REF4481230834024
PAY-2026-88DE7F1A,PERMIT-2026-5CF4A3DF,CIT-000063,789.08,Credit Card,Completed,2026-06-05T03:53:08,REF2403381059551
PAY-2026-65407720,PERMIT-2026-E8930273,CIT-000476,4430.48,Bank Transfer,Completed,2026-02-11T11:44:27,REF8426945005342
PAY-2026-15529923,PERMIT-2026-FA7874C6,CIT-000337,3496.18,Maya,Failed,2025-09-15T22:07:55,REF4089164983735
PAY-2026-EC064A9C,PERMIT-2026-3EBD59DB,CIT-000120,5601.68,GCash,Completed,2026-03-21T16:56:09,REF4396273652717
PAY-2026-C8F1A1BC,PERMIT-2026-F6277C91,CIT-000505,6776.93,Over-the-Counter,Completed,2025-09-13T01:51:05,REF2722397240422
PAY-2026-1B6924B1,PERMIT-2026-7B2355C1,CIT-000501,4442.23,Maya,Completed,2026-07-03T08:51:40,REF6931216376182
PAY-2026-9279161A,PERMIT-2026-266AD027,CIT-000175,4937.36,Maya,Completed,2026-01-17T18:23:47,REF0916601002314
PAY-2026-8B071777,PERMIT-2026-6519EB5F,CIT-000121,6386.36,Maya,Completed,2025-12-30T23:46:09,REF2900185132797
PAY-2026-36056BD7,PERMIT-2026-CB57BE90,CIT-000312,3478.9,Maya,Completed,2025-12-30T06:05:13,REF2457230848100
PAY-2026-9C14AF1C,PERMIT-2026-0C7D0983,CIT-000349,3549.98,GCash,Completed,2026-06-29T15:21:11,REF1841862030366
PAY-2026-6938A426,PERMIT-2026-8FEB9B1F,CIT-000520,2379.89,Over-the-Counter,Completed,2025-12-03T11:58:18,REF2543617213145
PAY-2026-7738F269,PERMIT-2026-AB0DF6C6,CIT-000011,1998.05,GCash,Completed,2026-03-03T23:16:08,REF1951510922685
PAY-2026-DD7D2432,PERMIT-2026-61EE77BD,CIT-000336,5255.08,Bank Transfer,Completed,2025-12-27T05:42:41,REF9262494514754
PAY-2026-0774C6E7,PERMIT-2026-03C8DB9E,CIT-000010,3663.39,Over-the-Counter,Completed,2026-03-28T07:46:19,REF1022526771196
PAY-2026-EEF1D216,PERMIT-2026-E1BA9787,CIT-000066,7914.44,GCash,Completed,2026-01-20T18:15:25,REF4215226557676
PAY-2026-8A9B18C5,PERMIT-2026-6C1F727B,CIT-000493,7018.95,Maya,Completed,2026-06-17T23:08:46,REF9523668788788
PAY-2026-B6FF12B8,PERMIT-2026-3C889181,CIT-000157,4594.21,Maya,Completed,2026-04-17T08:04:08,REF3619689313503
PAY-2026-AC27A655,PERMIT-2026-2A34675D,CIT-000443,419.43,Over-the-Counter,Failed,2026-02-18T02:38:36,REF0587210552472
PAY-2026-1A1AC913,PERMIT-2026-000155D9,CIT-000014,8374.31,GCash,Completed,2025-12-30T11:03:05,REF8633302126065
PAY-2026-9016706E,PERMIT-2026-8DF18B98,CIT-000156,2586.72,Credit Card,Completed,2026-02-02T08:23:40,REF0191792025213
PAY-2026-0A815D3A,PERMIT-2026-A3844E94,CIT-000181,1451.77,Over-the-Counter,Completed,2025-11-21T00:28:19,REF1096227284765
PAY-2026-3AC3C012,PERMIT-2026-C81A1A50,CIT-000468,3753.28,GCash,Completed,2026-01-22T19:24:39,REF7041200928206
PAY-2026-87CBF3C5,PERMIT-2026-AADE3168,CIT-000501,6362.83,Maya,Completed,2025-09-10T21:36:38,REF6784984362418
PAY-2026-8B7B68A6,PERMIT-2026-1269EB30,CIT-000258,5219.47,GCash,Completed,2026-01-17T11:01:18,REF6236903628917
PAY-2026-F9B9C3DE,PERMIT-2026-8067401C,CIT-000361,8434.29,Over-the-Counter,Completed,2026-02-19T14:58:03,REF7566205634111
PAY-2026-4ADA320E,PERMIT-2026-D4C8467D,CIT-000151,8323.79,Over-the-Counter,Completed,2026-04-18T02:30:34,REF5950342811390
PAY-2026-97D39223,PERMIT-2026-622BB245,CIT-000504,7668.83,Credit Card,Completed,2026-03-11T16:03:32,REF4383034199097
PAY-2026-EF3593E7,PERMIT-2026-B0E830EA,CIT-000172,1032.08,Bank Transfer,Failed,2026-06-18T11:26:46,REF0051405468356
PAY-2026-441D98B3,PERMIT-2026-AB0DF6C6,CIT-000011,4622.49,Debit Card,Completed,2026-03-05T01:16:08,REF5215681820967
PAY-2026-6708DC89,PERMIT-2026-93801B7D,CIT-000291,6469.52,Credit Card,Completed,2025-11-05T13:47:00,REF9042271133228
PAY-2026-FD605CF3,PERMIT-2026-5FB58D2F,CIT-000390,7864.65,Maya,Completed,2026-02-14T05:27:17,REF8985725459606
PAY-2026-D7C8FCCA,PERMIT-2026-56ADBDD7,CIT-000332,7079.38,Debit Card,Completed,2026-06-21T11:39:18,REF3399129710248
PAY-2026-9E6A2693,PERMIT-2026-B2ECF28D,CIT-000015,4994.32,Debit Card,Failed,2026-06-24T13:47:26,REF1717524214955
PAY-2026-B5999C5F,PERMIT-2026-01570E4C,CIT-000173,5464.08,Over-the-Counter,Completed,2025-10-01T00:13:03,REF1127474721970
PAY-2026-07B70298,PERMIT-2026-0286CA63,CIT-000251,5156.39,Bank Transfer,Completed,2026-06-07T14:16:07,REF5466927589551
PAY-2026-18A1A55C,PERMIT-2026-DFF1B8CD,CIT-000493,5241.93,Maya,Completed,2026-04-14T16:11:17,REF6874090380214
PAY-2026-F359BE71,PERMIT-2026-3478DDC5,CIT-000127,909.57,Credit Card,Completed,2025-09-18T15:50:31,REF6296136715778
PAY-2026-64A9F8AC,PERMIT-2026-E1BA9787,CIT-000066,4419.65,Maya,Pending,2026-01-20T23:15:25,REF7112166365155
PAY-2026-9A397F59,PERMIT-2026-19727F90,CIT-000090,3231.69,Maya,Completed,2026-03-27T14:22:31,REF9737147082723
PAY-2026-DA1724D7,PERMIT-2026-6BB12C82,CIT-000325,1257.63,GCash,Pending,2026-02-03T03:56:22,REF5909605673030
PAY-2026-06D54E90,PERMIT-2026-4315D1D8,CIT-000308,4000.85,Maya,Completed,2026-02-26T05:17:15,REF6442121461476
PAY-2026-8BAB6B1D,PERMIT-2026-A2CF34CA,CIT-000131,6802.89,Debit Card,Completed,2026-01-13T10:20:34,REF8342016542356
PAY-2026-9AB53191,PERMIT-2026-6EFA8997,CIT-000504,7146.26,Maya,Completed,2025-11-27T03:32:30,REF7782659608931
PAY-2026-2E12F539,PERMIT-2026-D6D6C15F,CIT-000119,6400.88,Bank Transfer,Completed,2025-09-10T05:28:36,REF9925502727516
PAY-2026-111DD944,PERMIT-2026-C2D3AC49,CIT-000201,7349.11,GCash,Completed,2026-03-11T05:55:08,REF4807279103368
PAY-2026-58479C5D,PERMIT-2026-C8B5FE32,CIT-000133,4636.8,Bank Transfer,Completed,2025-11-16T19:21:36,REF2963533905504
PAY-2026-16B48A72,PERMIT-2026-D93111A0,CIT-000074,4164.74,Bank Transfer,Completed,2025-12-22T04:51:57,REF4817766558685
PAY-2026-AA879A83,PERMIT-2026-2F8FC89F,CIT-000335,6569.16,Credit Card,Completed,2026-02-06T11:33:14,REF1276528928664
PAY-2026-7DA99061,PERMIT-2026-97E51584,CIT-000165,5574.41,Debit Card,Completed,2026-06-07T20:47:32,REF6491111096179
PAY-2026-24694739,PERMIT-2026-6FBD6D6B,CIT-000401,7223.04,Over-the-Counter,Completed,2026-03-07T02:00:48,REF8178904633786
PAY-2026-19AEB5FE,PERMIT-2026-638E5F3B,CIT-000442,1560.76,Debit Card,Completed,2025-12-04T08:40:46,REF1371576605384
PAY-2026-28BC765B,PERMIT-2026-6C3088C0,CIT-000313,6792.87,Maya,Completed,2025-11-11T02:16:54,REF4446306000258
PAY-2026-5CE5BE5D,PERMIT-2026-BF3DBDF9,CIT-000382,5942.53,Debit Card,Pending,2026-05-25T00:17:08,REF9552963863960
PAY-2026-C1616BE9,PERMIT-2026-27F0430F,CIT-000067,6470.79,Credit Card,Completed,2025-11-30T13:18:49,REF9626265826312
PAY-2026-ACCA8A6C,PERMIT-2026-215AAB43,CIT-000353,6724.57,Bank Transfer,Completed,2026-03-22T16:30:59,REF8196482531106
PAY-2026-41CF1F2D,PERMIT-2026-44D8EB06,CIT-000363,448.47,Maya,Completed,2025-10-28T07:11:27,REF0920981960275
PAY-2026-4BD2BEDD,PERMIT-2026-D3A6E033,CIT-000194,1995.53,Credit Card,Completed,2026-06-27T03:52:58,REF2334383640412
PAY-2026-A4844BD5,PERMIT-2026-AE1A83A0,CIT-000094,8039.01,Maya,Completed,2025-10-23T22:44:07,REF0911791124421
PAY-2026-73C44380,PERMIT-2026-66808244,CIT-000227,6104.21,Bank Transfer,Completed,2026-06-25T11:46:41,REF1753617061713
PAY-2026-43D42F30,PERMIT-2026-25398C33,CIT-000005,5222.2,Debit Card,Completed,2026-04-13T14:24:27,REF6657224029901
PAY-2026-75DCA3D6,PERMIT-2026-16BA27A5,CIT-000408,7255.17,Over-the-Counter,Completed,2026-06-02T10:05:55,REF5579980284139
PAY-2026-E7A96A35,PERMIT-2026-E608C738,CIT-000438,3190.75,Over-the-Counter,Completed,2025-10-19T17:28:28,REF0808823513052
PAY-2026-6840E828,PERMIT-2026-AC629F03,CIT-000344,4132.74,Maya,Failed,2025-10-23T16:56:53,REF3124473158477
PAY-2026-E4FE95BE,PERMIT-2026-3C36C7BD,CIT-000130,7269.3,Credit Card,Completed,2026-02-28T09:32:59,REF6863423461994
PAY-2026-60F0BA0C,PERMIT-2026-2D3FBEDD,CIT-000493,5563.94,Over-the-Counter,Completed,2025-10-07T20:41:46,REF2376769459196
PAY-2026-9C2FBE92,PERMIT-2026-0D257991,CIT-000147,268.84,GCash,Completed,2026-02-03T05:21:34,REF6395517208496
PAY-2026-56F3E65B,PERMIT-2026-EB298A80,CIT-000024,2022.99,Credit Card,Completed,2026-06-05T07:15:57,REF4985601256253
PAY-2026-A02C4B8B,PERMIT-2026-3195A726,CIT-000044,1794.47,Debit Card,Completed,2026-02-14T19:46:37,REF1355251050537
PAY-2026-EB4E4660,PERMIT-2026-E608C738,CIT-000438,7211.98,Over-the-Counter,Pending,2025-10-21T00:28:28,REF9538164938318
PAY-2026-42832B41,PERMIT-2026-C476282E,CIT-000095,5696.44,Debit Card,Completed,2026-06-15T07:40:57,REF4919665533077
PAY-2026-8B1117B5,PERMIT-2026-BF3DBDF9,CIT-000382,711.1,Over-the-Counter,Failed,2026-05-24T15:17:08,REF0461172959639
PAY-2026-DFE4D0EC,PERMIT-2026-B4910C9F,CIT-000110,3879.38,Over-the-Counter,Completed,2026-01-13T07:29:45,REF0409074260880
PAY-2026-F37E16EF,PERMIT-2026-66BEA4C1,CIT-000500,1675.42,Bank Transfer,Pending,2025-12-09T15:41:18,REF5017164455618
PAY-2026-7494D756,PERMIT-2026-16BA27A5,CIT-000408,6140.13,Maya,Completed,2026-06-04T05:05:55,REF5790647715910
PAY-2026-95AA31C0,PERMIT-2026-53E88287,CIT-000126,2466.93,Bank Transfer,Completed,2025-11-27T11:55:27,REF3002156321358
PAY-2026-93D09719,PERMIT-2026-39841386,CIT-000344,4513.36,GCash,Completed,2026-03-07T13:42:12,REF0040104145964
PAY-2026-B878CF77,PERMIT-2026-DA4CF75C,CIT-000378,6510.03,Debit Card,Completed,2026-05-06T13:49:56,REF2297125296718
PAY-2026-7B907EE4,PERMIT-2026-06ACC50F,CIT-000260,6746.63,GCash,Completed,2025-09-14T04:57:16,REF8397745731441
PAY-2026-77EFDD83,PERMIT-2026-D2D4CD36,CIT-000297,846.27,Maya,Completed,2026-05-19T09:02:03,REF5833117030376
PAY-2026-930C7CE4,PERMIT-2026-C1113AB9,CIT-000372,4218.38,Over-the-Counter,Completed,2026-06-03T08:08:50,REF3715398854728
PAY-2026-9D9FF44E,PERMIT-2026-39D6BF92,CIT-000274,6161.85,Debit Card,Completed,2025-09-29T10:54:14,REF1235679836314
PAY-2026-45B9EC08,PERMIT-2026-A872AD09,CIT-000401,6878.14,Over-the-Counter,Completed,2025-12-21T11:09:06,REF6249127113072
PAY-2026-6527B20D,PERMIT-2026-724CDE6C,CIT-000347,6450.58,Over-the-Counter,Completed,2026-07-01T06:47:01,REF4078754181563
PAY-2026-3ED33D52,PERMIT-2026-86F9817D,CIT-000146,4385.9,Over-the-Counter,Completed,2026-06-03T17:14:03,REF2686850745106
PAY-2026-3F336AC9,PERMIT-2026-AB41CAAF,CIT-000257,7391.63,Maya,Completed,2026-05-31T09:12:31,REF6343629489786
PAY-2026-8D3325FE,PERMIT-2026-0286CA63,CIT-000251,5376.45,GCash,Failed,2026-06-08T04:16:07,REF1031310094318
PAY-2026-802E0821,PERMIT-2026-4ADFD25D,CIT-000190,204.42,Over-the-Counter,Completed,2026-02-27T16:09:09,REF1439666134732
PAY-2026-F355EDA5,PERMIT-2026-28464267,CIT-000090,697.42,Debit Card,Completed,2025-12-01T20:35:40,REF3549401289743
PAY-2026-D305915F,PERMIT-2026-5724A08C,CIT-000320,3009.3,Bank Transfer,Completed,2026-05-05T21:06:31,REF2512257207650
PAY-2026-8E9C181B,PERMIT-2026-365FFA4B,CIT-000234,6652.91,Maya,Completed,2026-02-14T10:04:19,REF2412095790737
PAY-2026-CA0B3E48,PERMIT-2026-EDF3D144,CIT-000263,2822.13,Over-the-Counter,Completed,2026-07-02T19:12:34,REF1009438822114
PAY-2026-E715718A,PERMIT-2026-D444A2E1,CIT-000092,1905.94,Bank Transfer,Completed,2026-02-10T18:40:43,REF5775847457054
PAY-2026-E22AFD71,PERMIT-2026-4CB68C62,CIT-000353,6549.42,Maya,Pending,2025-11-05T14:06:36,REF5897148026325
PAY-2026-555ABED5,PERMIT-2026-4CB68C62,CIT-000353,8138.5,Debit Card,Completed,2025-11-05T22:06:36,REF7039653136148
PAY-2026-C488F57E,PERMIT-2026-419BBCFA,CIT-000190,2399.35,Credit Card,Completed,2026-02-14T23:07:27,REF7824556964430
PAY-2026-28F07B78,PERMIT-2026-7B2355C1,CIT-000501,1360.64,Credit Card,Completed,2026-07-02T16:51:40,REF9859167954107
PAY-2026-CCECD96F,PERMIT-2026-8123797F,CIT-000342,2721.94,Over-the-Counter,Completed,2026-03-30T14:53:32,REF2728498247414
PAY-2026-0F6454CC,PERMIT-2026-77D8946B,CIT-000128,6514.56,Debit Card,Completed,2026-06-28T06:22:32,REF0703491074065
PAY-2026-86DA4D87,PERMIT-2026-CCBC18D6,CIT-000056,5542.37,Maya,Failed,2026-06-12T03:00:18,REF0042548821423
PAY-2026-9E031EE1,PERMIT-2026-D74A0BCB,CIT-000248,6984.75,Maya,Completed,2026-01-04T17:06:56,REF6914307536661
PAY-2026-F207A72A,PERMIT-2026-66BEA4C1,CIT-000500,7101.81,GCash,Completed,2025-12-08T10:41:18,REF4494296592342
PAY-2026-722D229C,PERMIT-2026-0981F249,CIT-000371,4809.87,Bank Transfer,Completed,2026-05-12T12:04:31,REF6834414978266
PAY-2026-4EAA0F53,PERMIT-2026-C1113AB9,CIT-000372,4349.58,Credit Card,Completed,2026-06-03T09:08:50,REF1287585756766
PAY-2026-60663EDA,PERMIT-2026-0FE24D36,CIT-000502,2867.78,Debit Card,Failed,2026-03-01T00:59:39,REF7080612943985
PAY-2026-DB20A768,PERMIT-2026-A7FCD541,CIT-000014,6673.25,Debit Card,Completed,2025-09-12T08:44:55,REF2989406260787
PAY-2026-35D37537,PERMIT-2026-000155D9,CIT-000014,2489.19,Over-the-Counter,Completed,2025-12-29T15:03:05,REF0104159149750
PAY-2026-5B1254DC,PERMIT-2026-FEED272A,CIT-000133,618.56,Credit Card,Completed,2026-05-05T10:46:03,REF1980382872324
